City_ID,City,Lat,Lng,Max Temp,Humidity,Cloudiness,Wind Speed,Country,Conditions
0,Sobolevo,54.4299,31.8996,66.22,73,100,0.31,RU,overcast clouds
1,Ostrovnoy,68.0531,39.5131,49.12,83,15,8.61,RU,few clouds
2,Alihe,50.5667,123.7167,47.48,97,8,2.48,CN,clear sky
3,Kargasok,59.0556,80.8572,51.71,87,24,5.44,RU,few clouds
4,Richards Bay,-28.783,32.0377,63.81,76,4,4.0,ZA,clear sky
5,Kaeo,-35.1,173.7833,49.32,92,20,5.1,NZ,few clouds
6,Saint-Philippe,-21.3585,55.7679,69.35,75,43,11.83,RE,scattered clouds
7,Kamenka,51.3223,42.7678,76.77,56,67,4.45,RU,broken clouds
8,Tura,25.5198,90.2201,73.6,98,87,3.44,IN,overcast clouds
9,Dikson,73.5069,80.5464,39.36,98,97,4.52,RU,overcast clouds
10,Opuwo,-18.0607,13.84,65.19,24,0,7.02,NA,clear sky
11,Sorland,67.667,12.6934,49.86,73,91,11.7,NO,overcast clouds
12,Korla,41.7597,86.1469,77.81,16,100,4.61,CN,overcast clouds
13,Nalut,30.3333,10.85,97.21,10,1,6.31,LY,clear sky
14,Shiyan,32.6475,110.7781,78.87,84,1,2.95,CN,heavy intensity rain
15,Busselton,-33.65,115.3333,52.56,76,100,8.21,AU,overcast clouds
16,Okhotsk,59.3833,143.3,57.63,55,0,12.77,RU,clear sky
17,Port Augusta,-32.5,137.7667,49.71,57,0,12.1,AU,clear sky
18,Portland,45.5234,-122.6762,87.94,51,1,0.0,US,clear sky
19,Berlevag,70.8578,29.0864,57.0,93,0,14.97,NO,clear sky
20,Nacala,-14.5428,40.6728,70.81,74,4,8.95,MZ,clear sky
21,Vao,-22.6667,167.4833,66.13,59,68,13.91,NC,broken clouds
22,Mount Gambier,-37.8333,140.7667,41.41,92,0,9.51,AU,clear sky
23,Vanimo,-2.6741,141.3028,77.22,89,36,4.43,PG,scattered clouds
24,Nogliki,51.8333,143.1667,53.38,87,100,8.19,RU,overcast clouds
25,Domoni,-12.2569,44.5319,74.01,81,27,6.49,KM,scattered clouds
26,Buraydah,26.326,43.975,92.26,9,6,6.91,SA,clear sky
27,Ulladulla,-35.35,150.4667,44.87,90,1,4.03,AU,clear sky
28,Doha,25.2867,51.5333,96.78,56,0,2.3,QA,clear sky
29,Zhaotong,27.3167,103.7167,58.62,74,0,0.76,CN,clear sky
30,Salalah,17.0151,54.0924,77.09,94,90,5.75,OM,overcast clouds
31,Nyrob,60.733,56.7202,53.78,95,0,2.17,RU,clear sky
32,Palana,59.1167,159.9667,43.74,96,100,0.98,RU,moderate rain
33,Cap Malheureux,-19.9842,57.6142,70.47,76,14,3.0,MU,few clouds
34,Severo-Kurilsk,50.6789,156.125,52.14,82,0,16.69,RU,clear sky
35,Chake Chake,-5.2459,39.7666,74.07,82,100,13.65,TZ,overcast clouds
36,Nikolskoye,59.7035,30.7861,64.4,69,6,9.13,RU,clear sky
37,Namibe,-15.1961,12.1522,68.77,89,39,6.6,AO,scattered clouds
38,Ahipara,-35.1667,173.1667,55.02,88,71,7.72,NZ,broken clouds
39,Hobart,-42.8794,147.3294,38.05,87,11,1.99,AU,few clouds
40,Yongan,39.6957,113.6871,57.52,87,6,2.26,CN,clear sky
41,Mahebourg,-20.4081,57.7,70.25,75,45,17.58,MU,light rain
42,Carnarvon,-24.8667,113.6333,50.07,61,0,8.05,AU,clear sky
43,Abha,18.2164,42.5053,66.45,94,40,4.61,SA,scattered clouds
44,Cape Town,-33.9258,18.4232,58.12,76,44,1.01,ZA,scattered clouds
45,Asau,46.4333,26.4,76.12,84,0,3.67,RO,clear sky
46,Banjarmasin,-3.3244,114.591,75.34,89,81,1.25,ID,broken clouds
47,Hithadhoo,-0.6,73.0833,81.45,71,97,5.3,MV,light rain
48,Airai,-8.9266,125.4092,55.78,85,28,2.77,TL,scattered clouds
49,Padang,-0.9492,100.3543,75.42,89,100,4.36,ID,overcast clouds
50,Mount Isa,-20.7333,139.5,60.57,55,53,0.0,AU,broken clouds
51,Matara,5.9485,80.5353,78.89,86,100,9.51,LK,overcast clouds
52,Isangel,-19.55,169.2667,66.87,70,85,12.64,VU,overcast clouds
53,Sagaing,21.8787,95.9797,79.63,79,100,14.54,MM,overcast clouds
54,Oum Hadjer,13.2954,19.6966,79.18,69,100,9.37,TD,overcast clouds
55,Ashiya,34.7281,135.3026,78.57,100,30,2.44,JP,light rain
56,Yulara,-25.2406,130.9889,53.44,43,0,8.05,AU,clear sky
57,Kavieng,-2.5744,150.7967,81.41,75,2,8.3,PG,clear sky
58,Victoria,22.2855,114.1577,85.32,88,99,1.99,HK,overcast clouds
59,Makubetsu,45.3714,141.8211,66.54,92,100,22.75,JP,overcast clouds
60,Zarya,55.7553,38.0958,71.33,93,100,5.3,RU,overcast clouds
61,Cherskiy,68.75,161.3,35.17,90,96,18.48,RU,overcast clouds
62,Lasa,46.6166,10.7002,58.03,97,100,6.35,IT,overcast clouds
63,Majene,-3.5403,118.9707,77.49,86,87,8.99,ID,overcast clouds
64,Khatanga,71.9667,102.5,62.56,67,68,8.55,RU,broken clouds
65,Banjar,-8.19,114.9675,78.66,89,8,7.14,ID,clear sky
66,Port Blair,11.6667,92.75,81.86,81,100,18.63,IN,heavy intensity rain
67,Nishihara,26.1842,127.7558,82.06,94,75,10.36,JP,broken clouds
68,Diosti,44.1167,24.1833,90.73,27,0,10.13,RO,clear sky
69,Mehran,33.1222,46.1646,100.45,11,2,5.95,IR,clear sky
70,Tuatapere,-46.1333,167.6833,39.81,94,100,5.84,NZ,overcast clouds
71,Butaritari,3.0707,172.7902,82.99,69,16,10.02,KI,few clouds
72,Esperance,-33.8667,121.9,54.36,57,93,25.05,AU,overcast clouds
73,Afzalpur,17.2,76.35,75.15,79,59,18.9,IN,broken clouds
74,Leningradskiy,69.3833,178.4167,35.83,96,100,16.37,RU,overcast clouds
75,Talnakh,69.4865,88.3972,54.14,92,100,5.32,RU,overcast clouds
76,Aitape,-3.1374,142.3475,77.02,89,20,5.79,PG,few clouds
77,Arlit,18.7369,7.3853,97.61,26,28,10.11,NE,scattered clouds
78,Tera,14.0078,0.7531,89.11,46,43,15.37,NE,scattered clouds
79,Albany,42.6001,-73.9662,76.87,66,55,8.1,US,light rain
80,Beloha,-25.1667,45.05,67.69,69,0,9.35,MG,clear sky
81,Bluff,-46.6,168.3333,39.79,89,89,9.06,NZ,overcast clouds
82,Teluk Nibung,3.001,99.8164,74.23,93,100,3.94,ID,overcast clouds
83,Faya,18.3851,42.4509,66.72,68,95,6.08,SA,overcast clouds
84,Grand Gaube,-20.0064,57.6608,70.38,76,14,5.99,MU,few clouds
85,Datong,40.0936,113.2914,61.65,71,36,4.61,CN,scattered clouds
86,Baruun-Urt,46.6806,113.2792,58.15,57,3,6.33,MN,clear sky
87,Longyearbyen,78.2186,15.6401,46.24,71,75,16.11,SJ,light rain
88,Yar-Sale,66.8333,70.8333,55.67,93,100,17.13,RU,light rain
89,Geraldton,-28.7667,114.6,45.01,93,40,9.22,AU,scattered clouds
90,Tiksi,71.6872,128.8694,43.81,79,8,5.64,RU,clear sky
91,Bandarbeyla,9.4942,50.8122,78.06,81,1,27.11,SO,clear sky
92,Yinchuan,38.4681,106.2731,76.41,24,70,7.92,CN,broken clouds
93,Adrar,20.5022,-10.0711,102.09,18,33,8.59,MR,scattered clouds
94,Smila,49.2224,31.8871,73.51,69,7,7.18,UA,clear sky
95,Dosso,13.049,3.1937,85.89,57,97,15.75,NE,overcast clouds
96,Krasnogorsk,55.8225,37.3181,71.19,83,56,6.71,RU,mist
97,Kruisfontein,-34.0033,24.7314,56.88,80,99,22.19,ZA,overcast clouds
98,Hobyo,5.3505,48.5268,78.35,78,5,24.56,SO,clear sky
99,Pishin,30.5803,66.9961,81.0,15,0,4.09,PK,clear sky
100,Bilari,28.6333,78.8,82.98,80,90,6.13,IN,overcast clouds
101,Den Helder,52.9599,4.7593,61.99,70,20,11.99,NL,few clouds
102,Te Anau,-45.4167,167.7167,40.71,92,95,1.3,NZ,overcast clouds
103,Sur,22.5667,59.5289,91.42,53,100,15.41,OM,overcast clouds
104,New Norfolk,-42.7826,147.0587,37.71,83,15,2.24,AU,few clouds
105,Bjornevatn,69.6672,29.9847,57.54,88,75,5.75,NO,broken clouds
106,Vardo,70.3705,31.1107,56.95,93,75,9.22,NO,broken clouds
107,Zaliztsi,49.7919,25.373,70.77,65,90,14.09,UA,overcast clouds
108,Hambantota,6.1241,81.1185,79.14,94,20,6.91,LK,few clouds
109,Gat,31.61,34.7642,86.4,57,0,4.72,IL,clear sky
110,Yatou,37.15,122.3833,72.82,94,0,4.16,CN,clear sky
111,Hotaka,36.3396,137.8825,72.45,88,99,2.35,JP,overcast clouds
112,Suhbaatar,50.2314,106.2078,64.51,74,100,3.49,MN,overcast clouds
113,Luwingu,-10.2621,29.9271,60.04,57,5,7.45,ZM,clear sky
114,Luderitz,-26.6481,15.1594,67.75,36,0,11.14,NA,clear sky
115,Christchurch,-43.5333,172.6333,51.91,87,75,7.0,NZ,broken clouds
116,Nyurba,63.2842,118.3319,59.43,61,100,4.99,RU,overcast clouds
117,Skjervoy,70.0311,20.9714,48.38,74,37,4.68,NO,scattered clouds
118,Naze,28.3667,129.4833,79.05,87,73,13.42,JP,broken clouds
119,Wanning,18.8003,110.3967,80.76,89,100,10.45,CN,overcast clouds
120,Port Hedland,-20.3167,118.5667,59.05,44,0,11.5,AU,clear sky
121,Jumla,29.2747,82.1838,64.04,94,96,1.07,NP,overcast clouds
122,Chik,54.9928,82.4311,64.18,100,0,4.47,RU,clear sky
123,Bela,25.9333,81.9833,77.72,88,90,9.19,IN,overcast clouds
124,Hokitika,-42.7167,170.9667,50.23,91,97,2.66,NZ,overcast clouds
125,Movila,44.55,27.7,84.51,49,0,14.85,RO,clear sky
126,Bundaberg,-24.85,152.35,62.89,100,40,6.91,AU,scattered clouds
127,Fukue,32.6881,128.8419,80.82,85,100,8.72,JP,overcast clouds
128,Pyaozerskiy,65.8333,31.1667,58.68,88,100,5.68,RU,overcast clouds
129,Kaitangata,-46.2817,169.8464,42.64,96,22,4.5,NZ,few clouds
130,Wenling,28.3669,121.36,80.91,91,100,4.88,CN,overcast clouds
131,Hami,42.8,93.45,69.06,45,80,8.16,CN,broken clouds
132,Hermanus,-34.4187,19.2345,57.9,80,97,7.27,ZA,overcast clouds
133,Chirongui,-12.9319,45.1483,75.13,67,0,7.67,YT,clear sky
134,Poum,-20.2333,164.0167,68.2,60,5,13.04,NC,clear sky
135,Koumac,-20.5667,164.2833,62.78,67,10,8.03,NC,clear sky
136,Port Keats,-14.25,129.55,75.0,87,100,3.85,AU,overcast clouds
137,Lorengau,-2.0226,147.2712,82.18,76,95,9.48,PG,overcast clouds
138,Mirnyy,62.5353,113.9611,60.24,59,100,5.75,RU,overcast clouds
139,Swan Hill,-35.3378,143.5544,42.31,75,0,7.27,AU,clear sky
140,Morondava,-20.2833,44.2833,71.17,83,1,8.48,MG,clear sky
141,Bambous Virieux,-20.3428,57.7575,70.21,75,49,17.56,MU,light rain
142,Tsiroanomandidy,-18.7667,46.0333,64.09,54,70,5.39,MG,broken clouds
143,Thyboron,56.6985,8.2124,60.19,75,14,20.96,DK,few clouds
144,Tevriz,57.509,72.4042,61.0,99,50,3.78,RU,scattered clouds
145,Maria Aurora,15.7967,121.4737,78.55,92,100,4.83,PH,moderate rain
146,Honiara,-9.4333,159.95,75.9,87,48,3.78,SB,scattered clouds
147,Gushikawa,26.3544,127.8686,81.99,88,75,11.5,JP,broken clouds
148,Vangaindrano,-23.35,47.6,65.14,90,67,4.14,MG,light rain
149,Dzaoudzi,-12.7887,45.2699,75.09,73,0,13.8,YT,clear sky
150,Brae,60.3964,-1.353,49.91,80,100,14.5,GB,overcast clouds
151,Quatre Cocos,-20.2078,57.7625,70.09,75,44,17.56,MU,light rain
152,Iisaku,59.1014,27.3081,61.9,74,51,11.21,EE,broken clouds
153,Port Lincoln,-34.7333,135.8667,52.0,49,5,21.74,AU,clear sky
154,Noyabrsk,63.1994,75.4507,59.76,64,100,10.51,RU,overcast clouds
155,Nabire,-3.3667,135.4833,75.34,91,99,3.24,ID,overcast clouds
156,Saint-Leu,-21.15,55.2833,68.83,69,20,2.24,RE,few clouds
157,Atambua,-9.1061,124.8925,70.56,86,77,5.28,ID,broken clouds
158,Borazjan,29.2666,51.2159,99.46,19,0,3.67,IR,clear sky
159,Pevek,69.7008,170.3133,33.12,98,100,12.06,RU,overcast clouds
160,Griffith,41.5284,-87.4237,79.5,60,1,1.99,US,clear sky
161,Gamba,-2.65,10.0,74.23,84,100,7.27,GA,overcast clouds
162,Lahat,-3.8,103.5333,71.24,97,93,2.64,ID,light rain
163,Sergeyevka,53.88,67.4158,69.28,74,5,7.25,KZ,clear sky
164,Muli,2.9167,73.5667,82.69,70,99,7.11,MV,overcast clouds
165,Si Bun Ruang,16.9667,102.2833,78.01,80,100,3.76,TH,overcast clouds
166,Klaksvik,62.2266,-6.589,49.12,82,56,13.24,FO,broken clouds
167,Auki,-8.7676,160.7034,75.45,87,100,8.99,SB,overcast clouds
168,Bengkulu,-3.8004,102.2655,74.89,89,89,4.99,ID,overcast clouds
169,Mahenge,-8.6833,36.7167,65.03,52,83,0.87,TZ,broken clouds
170,Teya,60.3778,92.6267,59.2,72,100,2.66,RU,overcast clouds
171,Vung Tau,10.346,107.0843,80.73,82,90,17.52,VN,overcast clouds
172,Kununurra,-15.7667,128.7333,66.18,94,5,0.0,AU,clear sky
173,Samarai,-10.6167,150.6667,75.0,70,99,6.67,PG,overcast clouds
174,Murygino,58.7383,49.4582,62.4,73,36,4.23,RU,scattered clouds
175,Gizo,-8.103,156.8419,79.68,82,54,11.77,SB,light rain
176,Manado,1.487,124.8455,75.97,94,20,1.14,ID,few clouds
177,Honningsvag,70.9821,25.9704,44.35,93,75,12.66,NO,light rain
178,Dunda,-8.1167,34.25,63.79,55,73,2.75,TZ,broken clouds
179,Zhangjiakou,40.81,114.8794,61.72,77,1,4.36,CN,clear sky
180,Jega,12.2175,4.3792,83.19,66,83,9.48,NG,light rain
181,East London,-33.0153,27.9116,63.81,57,10,15.9,ZA,clear sky
182,Salzkotten,51.6717,8.6009,61.48,92,0,4.0,DE,light rain
183,Ormara,25.2088,64.6357,81.54,86,100,17.67,PK,overcast clouds
184,Flinders,-34.5833,150.8552,47.21,92,2,4.27,AU,clear sky
185,Balkhash,46.844,74.9804,79.16,33,2,8.55,KZ,clear sky
186,Tete,-16.1564,33.5867,68.95,49,0,3.76,MZ,clear sky
187,Barzas,55.7167,86.3167,64.63,92,50,2.46,RU,scattered clouds
188,Kanniyakumari,8.0833,77.5667,80.19,77,92,21.85,IN,overcast clouds
189,Nsukka,6.8561,7.3927,71.15,89,100,4.21,NG,light rain
190,Pitea,65.3172,21.4794,60.89,86,100,8.21,SE,overcast clouds
191,Kalmunai,7.4167,81.8167,81.95,71,100,3.87,LK,overcast clouds
192,Hervey Bay,-25.2986,152.8535,65.01,93,2,3.0,AU,clear sky
193,Nakamura,32.9833,132.9333,76.08,93,89,2.44,JP,overcast clouds
194,Tonj,7.2737,28.6822,70.57,96,100,4.52,SS,light rain
195,Srandakan,-7.9386,110.2506,74.98,87,25,6.2,ID,scattered clouds
196,Marzuq,14.4,46.4667,82.33,51,93,3.96,YE,overcast clouds
197,Gladstone,-23.85,151.25,57.78,94,75,0.0,AU,broken clouds
198,Karratha,-20.7377,116.8463,61.74,40,0,12.17,AU,clear sky
199,Lahore,31.5497,74.3436,85.98,74,40,6.91,PK,smoke
200,Kemin,42.7846,75.6892,67.28,28,100,5.79,KG,overcast clouds
201,Cairns,-16.9167,145.7667,67.95,93,90,8.05,AU,overcast clouds
202,Phonhong,18.5007,102.4166,76.42,94,100,1.63,LA,overcast clouds
203,Taybad,34.74,60.7756,80.47,13,0,19.55,IR,clear sky
204,Pontianak,-0.0333,109.3333,76.98,100,90,1.14,ID,overcast clouds
205,Odweyne,9.4092,45.064,75.0,48,2,19.89,SO,clear sky
206,Konstantinovka,49.6167,127.9833,57.09,94,100,3.91,RU,overcast clouds
207,Svetlaya,46.5389,138.3297,62.44,92,96,11.99,RU,overcast clouds
208,Yekaterinovka,52.0508,44.3451,73.58,56,10,4.16,RU,clear sky
209,Rockhampton,-23.3833,150.5,55.29,100,90,0.0,AU,mist
210,Luena,-11.7833,19.9167,60.76,37,0,3.44,AO,clear sky
211,Mareeba,-17.0,145.4333,63.32,93,29,2.19,AU,scattered clouds
212,Strelka,58.0728,93.0344,57.36,95,97,1.48,RU,overcast clouds
213,Xining,36.6167,101.7667,60.75,62,31,3.89,CN,scattered clouds
214,Zhanaozen,43.3,52.8,87.64,17,1,2.8,KZ,clear sky
215,Kota Kinabalu,5.9749,116.0724,76.98,94,40,2.3,MY,scattered clouds
216,Payo,-3.7508,103.6372,71.17,97,96,2.26,ID,overcast clouds
217,Manono,-7.3,27.4167,76.95,32,1,5.37,CD,clear sky
218,Saint-Paul,-21.0096,55.2707,69.89,68,32,2.46,RE,scattered clouds
219,Sala,34.0389,-6.8166,70.75,68,0,6.91,MA,clear sky
220,Kudahuvadhoo,2.6708,72.8944,82.72,70,100,5.35,MV,overcast clouds
221,Zhob,31.3411,69.4481,85.55,35,2,0.63,PK,clear sky
222,Vanavara,60.34,102.2797,54.79,62,45,4.81,RU,scattered clouds
223,Perevolotskiy,51.8763,54.1938,76.59,41,52,2.46,RU,broken clouds
224,Raudeberg,61.9875,5.1352,56.8,75,19,16.98,NO,few clouds
225,Saskylakh,71.9167,114.0833,65.25,49,0,5.37,RU,clear sky
226,Mehamn,71.0357,27.8492,49.91,98,100,10.13,NO,light rain
227,Zhigansk,66.7697,123.3711,60.69,73,48,11.34,RU,scattered clouds
228,Daru,-9.0763,143.2092,75.54,75,41,13.89,PG,scattered clouds
229,Yumen,40.2833,97.2,70.56,39,100,17.27,CN,overcast clouds
230,Awjilah,29.1081,21.2869,93.92,14,5,10.74,LY,clear sky
231,Samarinda,-0.5,117.15,73.04,99,79,2.1,ID,broken clouds
232,Port Alfred,-33.5906,26.891,61.83,74,19,25.86,ZA,few clouds
233,Broken Hill,-31.95,141.4333,46.56,80,0,10.02,AU,clear sky
234,Kidal,18.4411,1.4078,96.3,32,21,8.61,ML,few clouds
235,Ossora,59.2353,163.0719,53.15,75,100,7.9,RU,overcast clouds
236,Nola,40.922,14.5329,87.31,54,26,6.33,IT,scattered clouds
237,Makasar,-5.14,119.4221,77.05,94,20,2.3,ID,few clouds
238,Khandyga,62.6667,135.6,53.96,57,0,3.83,RU,clear sky
239,Dudinka,69.4058,86.1778,50.92,96,100,7.09,RU,overcast clouds
240,Mahibadhoo,3.7833,72.9667,81.9,76,100,8.21,MV,overcast clouds
241,Ambon,-3.6954,128.1814,78.84,83,63,5.46,ID,broken clouds
242,Katsuura,35.1333,140.3,80.71,86,1,6.64,JP,clear sky
243,Pizhanka,57.4604,48.542,64.76,63,86,6.42,RU,overcast clouds
244,Guna,24.65,77.3167,73.78,98,100,17.29,IN,very heavy rain
245,Aksarka,66.5606,67.7975,56.52,99,100,5.35,RU,overcast clouds
246,Port Elizabeth,-33.918,25.5701,59.29,77,40,25.32,ZA,scattered clouds
247,Kainantu,-6.2887,145.8655,57.25,98,76,1.77,PG,broken clouds
248,Riyadh,24.6877,46.7219,100.54,9,3,5.03,SA,clear sky
249,Bereda,43.2686,-7.5406,63.0,99,94,4.92,ES,overcast clouds
250,Eyl,7.9803,49.8164,85.57,53,11,23.42,SO,few clouds
251,Novosokolniki,56.3463,30.1578,64.08,66,100,5.21,RU,light rain
252,Swellendam,-34.0226,20.4417,52.9,87,84,0.98,ZA,broken clouds
253,Serenje,-13.2325,30.2352,57.83,68,100,7.31,ZM,overcast clouds
254,Uruzgan,32.8333,66.0,76.33,16,0,1.1,AF,clear sky
255,Alyangula,-13.8483,136.4192,62.47,100,40,3.44,AU,scattered clouds
256,Rangoon,16.8053,96.1561,78.76,94,75,2.3,MM,broken clouds
257,Erzin,36.9559,36.2,83.12,69,0,1.66,TR,clear sky
258,Baringo,0.4667,35.9667,74.84,46,99,11.36,KE,overcast clouds
259,Masuguru,-11.3667,38.4167,78.73,42,100,7.87,TZ,overcast clouds
260,Bosaso,11.2842,49.1816,87.51,52,20,2.35,SO,few clouds
261,Binzhou,37.3667,118.0167,72.16,87,0,5.75,CN,light rain
262,Oranjemund,-28.55,16.4333,58.93,65,1,8.08,NA,clear sky
263,Jagdalpur,19.0667,82.0333,72.88,89,100,6.04,IN,overcast clouds
264,Narsingi,18.0333,78.4333,76.68,73,99,16.67,IN,overcast clouds
265,Churapcha,62.0025,132.4325,56.32,44,9,7.63,RU,clear sky
266,Strezhevoy,60.7333,77.5889,58.98,75,99,6.29,RU,overcast clouds
267,Port Moresby,-9.4431,147.1797,71.44,78,19,10.11,PG,few clouds
268,Vintila Voda,45.4667,26.7167,76.64,47,0,3.38,RO,clear sky
269,Ust-Kulom,61.6864,53.6902,54.25,94,0,5.1,RU,clear sky
270,Xichang,27.8964,102.2634,63.46,78,0,2.13,CN,clear sky
271,Sambava,-14.2667,50.1667,68.95,90,85,12.19,MG,light rain
272,Noumea,-22.2763,166.4572,68.0,99,81,7.45,NC,broken clouds
273,Ingham,42.6,-84.3833,75.31,61,75,11.5,US,broken clouds
274,Bahce,37.1972,36.5766,86.76,65,0,5.88,TR,clear sky
275,Otjimbingwe,-22.35,16.1333,66.4,20,0,6.13,NA,clear sky
276,Asyut,27.181,31.1837,95.63,15,5,7.58,EG,clear sky
277,Ust-Koksa,50.2696,85.6108,50.59,79,0,0.34,RU,clear sky
278,Tahe,52.3333,124.7333,46.44,97,6,2.91,CN,clear sky
279,Dubbo,-32.25,148.6167,37.53,100,0,11.5,AU,clear sky
280,Pietermaritzburg,-29.6168,30.3928,59.76,33,5,4.18,ZA,clear sky
281,Ayagoz,47.9714,80.4392,67.19,34,0,6.82,KZ,clear sky
282,Ambilobe,-13.2,49.05,69.82,80,0,3.8,MG,light rain
283,Sinjai,-5.1241,120.253,73.17,93,15,2.93,ID,few clouds
284,Queenstown,-31.8976,26.8753,54.43,23,87,7.49,ZA,overcast clouds
285,Broome,42.2506,-75.833,76.17,77,90,12.66,US,overcast clouds
286,Margate,51.3813,1.3862,61.18,91,100,3.0,GB,overcast clouds
287,Mocuba,-16.8392,36.9856,61.72,80,0,2.89,MZ,clear sky
288,Hohhot,40.8106,111.6522,61.9,57,11,5.7,CN,few clouds
289,Simpang,-1.2667,104.0833,74.39,95,93,2.08,ID,overcast clouds
290,Kedrovyy,56.1667,91.8167,55.81,94,19,2.39,RU,few clouds
291,Xuddur,4.1213,43.8894,75.09,68,98,19.95,SO,overcast clouds
292,Malabo,3.75,8.7833,77.56,84,100,10.83,GQ,overcast clouds
293,Srednekolymsk,67.45,153.6833,37.58,78,100,9.13,RU,overcast clouds
294,Tobol,52.6844,62.5794,72.34,65,40,7.4,KZ,scattered clouds
295,Bairiki,1.3292,172.9752,77.0,83,20,0.0,KI,few clouds
296,Bitlis,38.5,42.25,66.16,70,21,7.99,TR,few clouds
297,Hirtshals,57.5881,9.9592,57.02,80,37,12.06,DK,scattered clouds
298,Robat Karim,35.4846,51.0829,87.28,22,75,11.5,IR,broken clouds
299,Luanda,-8.8368,13.2343,73.4,88,40,6.91,AO,scattered clouds
300,Saint-Joseph,-21.3667,55.6167,68.36,73,34,11.45,RE,scattered clouds
301,Vidim,56.4088,103.1106,60.42,85,99,3.42,RU,overcast clouds
302,Taksimo,56.3444,114.8794,53.96,96,100,0.54,RU,light rain
303,Parbatipur,25.6649,88.9247,79.45,91,100,3.98,BD,overcast clouds
304,Biloela,-24.4167,150.5,56.89,93,0,2.95,AU,clear sky
305,Kovernino,57.1253,43.8142,69.84,60,97,5.77,RU,overcast clouds
306,Nurota,40.5614,65.6886,80.69,15,0,7.92,UZ,clear sky
307,La Maddalena,41.2142,9.4083,77.05,65,100,24.67,IT,overcast clouds
308,Svetlogorsk,52.6333,29.7333,73.53,66,100,3.27,BY,overcast clouds
309,Yining,29.0361,114.5636,77.56,89,0,1.07,CN,clear sky
310,Uddevalla,58.3478,11.9424,61.16,77,1,1.99,SE,clear sky
311,Hovd,48.0056,91.6419,55.17,65,5,3.76,MN,clear sky
312,Vyara,21.1167,73.4,77.25,89,100,13.35,IN,overcast clouds
313,Dauriya,49.9333,116.8667,54.55,73,25,6.31,RU,scattered clouds
314,Bam,29.106,58.357,92.62,13,9,9.8,IR,clear sky
315,Bredasdorp,-34.5322,20.0403,54.28,82,80,7.85,ZA,broken clouds
316,Bontang,0.1333,117.5,75.96,93,27,6.46,ID,scattered clouds
317,Janow Lubelski,50.707,22.4104,73.22,85,100,10.98,PL,moderate rain
318,Buala,-8.145,159.5921,77.76,86,96,6.06,SB,moderate rain
319,Zheleznodorozhnyy,55.7503,38.0042,71.37,91,100,5.12,RU,overcast clouds
320,Esso,55.9333,158.7,47.46,74,98,2.71,RU,overcast clouds
321,Dalupirip,16.3258,120.7256,75.56,96,100,3.85,PH,heavy intensity rain
322,Roma,43.2128,-75.4557,66.06,91,90,5.75,US,heavy intensity rain
323,Isiro,2.7739,27.616,66.02,98,97,4.38,CD,overcast clouds
324,Bridlington,54.0831,-0.1919,61.02,73,7,14.72,GB,clear sky
325,Mtwara,-10.2667,40.1833,73.98,77,41,13.58,TZ,scattered clouds
326,Dmitriyevka,54.75,55.3333,71.15,55,95,6.51,RU,overcast clouds
327,Kokoshkino,55.5977,37.1695,70.9,94,0,2.24,RU,clear sky
328,Camacupa,-12.0167,17.4833,63.9,28,0,2.46,AO,clear sky
329,Chynadiyovo,48.4818,22.8217,74.07,68,82,4.79,UA,broken clouds
330,Fukuma,33.7667,130.4667,80.1,88,100,2.75,JP,overcast clouds
331,Mezen,65.8522,44.24,48.11,85,5,4.25,RU,clear sky
332,Aban,56.67,96.06,53.76,96,63,4.38,RU,broken clouds
333,Misratah,32.3754,15.0925,87.76,45,0,8.55,LY,clear sky
334,Taldan,53.6667,124.8,48.11,99,98,4.16,RU,overcast clouds
335,Aykhal,66.0,111.5,61.23,45,88,4.18,RU,overcast clouds
336,Zverinogolovskoye,54.4586,64.8542,68.18,72,13,7.76,RU,few clouds
337,Kristiinankaupunki,62.2743,21.376,60.89,79,96,4.61,FI,overcast clouds
338,Beringovskiy,63.05,179.3167,45.28,73,42,10.83,RU,scattered clouds
339,Souillac,-20.5167,57.5167,70.36,78,38,15.61,MU,light rain
340,Katangli,51.7102,143.2326,52.9,88,100,7.92,RU,overcast clouds
341,Chamba,32.5667,76.1333,74.19,85,0,5.1,IN,clear sky
342,Ellisras,-23.6649,27.7443,55.94,31,0,4.29,ZA,clear sky
343,Southbridge,42.0751,-72.0334,80.37,66,100,1.99,US,overcast clouds
344,Betong,5.7743,101.0723,71.38,99,100,1.48,TH,overcast clouds
345,Rampura,30.25,75.2333,87.26,64,58,5.82,IN,broken clouds
346,Ondjiva,-17.0667,15.7333,64.31,25,0,6.42,AO,clear sky
347,Seoul,37.5683,126.9778,76.51,93,100,3.36,KR,overcast clouds
348,Batagay,67.6333,134.6333,48.56,68,0,1.88,RU,clear sky
349,Biograd Na Moru,43.9433,15.4519,86.76,69,16,7.96,HR,few clouds
350,Kirakira,-10.4544,161.9205,73.89,85,100,7.94,SB,overcast clouds
351,Maarianhamina,60.0973,19.9348,64.26,77,0,1.14,AX,clear sky
352,Keuruu,62.2667,24.7,62.74,97,12,4.32,FI,few clouds
353,Neustrelitz,53.3667,13.0833,59.92,91,69,5.59,DE,broken clouds
354,Toora-Khem,52.4675,96.11,49.75,96,100,4.0,RU,overcast clouds
355,Komsomolskiy,40.4272,71.7189,83.12,28,100,20.71,UZ,overcast clouds
356,Imeni Poliny Osipenko,52.4201,136.4853,49.15,95,99,0.76,RU,overcast clouds
357,Palaikastron,35.2,26.25,83.41,54,0,15.08,GR,clear sky
358,Belyy Yar,53.6039,91.3903,57.09,88,0,2.24,RU,clear sky
359,Lubao,14.9167,120.55,82.15,87,100,8.97,PH,light rain
360,Alice Springs,-23.7,133.8833,60.35,48,91,9.22,AU,overcast clouds
361,Krasnovishersk,60.4078,57.082,54.37,96,0,2.68,RU,clear sky
362,Moshkovo,55.3053,83.6104,63.16,79,93,6.29,RU,overcast clouds
363,Changtu,42.7788,124.0955,70.48,96,100,5.88,CN,light rain
364,Skelleftea,64.7507,20.9528,61.16,52,0,6.91,SE,clear sky
365,Kathmandu,27.7167,85.3167,71.82,94,75,6.91,NP,moderate rain
366,Costinesti,43.95,28.6333,80.02,79,0,12.33,RO,clear sky
367,Voi,-3.3945,38.563,67.66,80,49,11.52,KE,scattered clouds
368,Hirara,24.8,125.2833,80.74,87,100,8.37,JP,overcast clouds
369,Tuban,-6.8976,112.0649,77.45,74,4,9.93,ID,clear sky
370,Bosobolo,4.1833,19.9,69.42,94,99,0.4,CD,overcast clouds
371,Nemuro,43.3236,145.575,65.91,99,100,7.2,JP,overcast clouds
372,Surgut,61.25,73.4167,64.58,68,20,8.95,RU,few clouds
373,Metu,8.3,35.5833,58.24,98,100,1.68,ET,light rain
374,Atherton,53.5237,-2.4935,64.47,68,35,5.26,GB,scattered clouds
375,Mangochi,-14.4782,35.2645,68.86,53,13,7.11,MW,few clouds
376,Yuanping,38.7153,112.7575,61.86,64,5,3.71,CN,clear sky
377,Ararat,39.8317,44.7049,79.14,56,100,8.48,AM,overcast clouds
378,Dukat,62.55,155.55,31.95,97,100,5.53,RU,snow
379,Sjenica,43.2731,19.9994,69.28,48,0,4.45,RS,clear sky
380,Sistranda,63.7256,8.834,52.9,75,100,11.21,NO,overcast clouds
381,Maralal,1.0968,36.698,62.55,57,100,6.13,KE,overcast clouds
382,Malakal,9.5334,31.6605,70.93,97,100,1.72,SS,light rain
383,Konakovo,56.7,36.7667,63.55,93,57,5.55,RU,broken clouds
384,Kampene,-3.6,26.6667,78.33,44,90,1.66,CD,overcast clouds
385,Dargaville,-35.9333,173.8833,50.79,93,48,5.19,NZ,scattered clouds
386,Berestechko,50.3605,25.1107,75.0,70,12,8.5,UA,moderate rain
387,Kysyl-Syr,63.8986,122.7617,61.63,71,88,4.12,RU,overcast clouds
388,Yuci,37.6803,112.7319,65.95,72,0,2.24,CN,clear sky
389,Rong Kwang,18.339,100.3174,75.51,94,100,2.86,TH,overcast clouds
390,Huilong,31.8111,121.655,79.99,93,0,6.13,CN,clear sky
391,Semey,50.4111,80.2275,75.51,31,0,7.31,KZ,clear sky
392,Nur,52.6683,22.3221,61.79,94,76,6.91,PL,broken clouds
393,Ust-Barguzin,53.45,108.9833,54.77,91,82,2.82,RU,broken clouds
394,Labuhan,-6.8844,112.2051,77.36,76,5,10.45,ID,clear sky
395,Gusinoye Ozero,51.1144,106.2614,64.74,71,100,2.95,RU,overcast clouds
396,Onega,63.9061,38.1404,58.28,91,100,5.53,RU,overcast clouds
397,Chamrajnagar,11.9167,76.95,71.4,79,99,7.87,IN,overcast clouds
398,Kjopsvik,68.097,16.3742,51.17,81,98,4.65,NO,overcast clouds
399,Alekseyevsk,57.8406,108.3492,56.21,63,100,5.14,RU,overcast clouds
400,Orhei,47.3831,28.8231,77.79,54,7,3.49,MD,clear sky
401,Nova Odesa,47.3078,31.7851,75.6,54,21,9.04,UA,few clouds
402,Alekseyevka,50.6309,38.6903,76.6,48,0,0.13,RU,clear sky
403,Sarangani,5.4033,125.4636,83.26,76,82,13.22,PH,broken clouds
404,Saldanha,-33.0117,17.9442,56.34,90,49,9.57,ZA,scattered clouds
405,Jamestown,42.097,-79.2353,69.39,90,75,3.0,US,broken clouds
406,Wronki,52.7105,16.3804,63.61,90,82,5.75,PL,broken clouds
407,Hasaki,35.7333,140.8333,75.6,90,19,7.36,JP,few clouds
408,Kovdor,67.5662,30.4758,53.47,88,100,4.76,RU,overcast clouds
409,Belaya Gora,68.5333,146.4167,38.1,76,0,6.6,RU,clear sky
410,Dunedin,-45.8742,170.5036,50.81,81,100,18.01,NZ,overcast clouds
411,Zeya,53.75,127.2667,55.04,100,100,2.8,RU,overcast clouds
412,Altay,47.8667,88.1167,60.15,50,53,3.6,CN,broken clouds
413,Antibes,43.5624,7.1278,81.86,33,0,13.8,FR,clear sky
414,Kyzyl-Suu,42.3414,78.0056,61.9,46,100,2.42,KG,overcast clouds
415,Meulaboh,4.1363,96.1285,75.11,89,100,3.24,ID,overcast clouds
416,Taman,45.2117,36.7161,73.72,70,0,4.43,RU,clear sky
417,Abalak,58.1286,68.5944,61.59,97,24,3.91,RU,light rain
418,Yudong,29.385,106.5194,83.84,73,0,1.59,CN,light rain
419,Linqiong,30.4159,103.4609,76.53,77,0,3.58,CN,clear sky
420,Port-Gentil,-0.7193,8.7815,76.44,81,100,13.33,GA,overcast clouds
421,Shache,38.4167,77.2406,76.78,40,100,11.56,CN,overcast clouds
422,Gigmoto,13.7796,124.39,81.28,82,100,9.08,PH,overcast clouds
423,Warrnambool,-38.3833,142.4833,45.81,87,6,12.55,AU,clear sky
424,Sosva,59.1766,61.8558,59.32,87,4,6.98,RU,clear sky
425,Sola,-13.8833,167.55,75.33,62,97,10.18,VU,overcast clouds
426,Nyagan,62.1406,65.3936,56.97,98,100,3.6,RU,moderate rain
427,Bratsk,56.1325,101.6142,59.34,74,100,10.38,RU,overcast clouds
428,Tazovskiy,67.4667,78.7,53.58,70,100,8.93,RU,overcast clouds
429,Chipinge,-20.1883,32.6236,53.85,47,0,2.64,ZW,clear sky
430,Masty,53.4122,24.5387,63.09,96,85,5.21,BY,moderate rain
431,Baykit,61.67,96.37,60.39,89,100,0.76,RU,light rain
432,Kodinar,20.7903,70.7031,80.92,84,100,18.99,IN,overcast clouds
433,Ystad,55.4297,13.8204,64.98,72,89,12.86,SE,overcast clouds
434,Ust-Tsilma,65.441,52.1498,51.78,90,52,2.15,RU,broken clouds
435,Bardiyah,31.7561,25.0865,81.88,72,0,14.83,LY,clear sky
436,Deputatskiy,69.3,139.9,37.08,87,2,3.44,RU,clear sky
437,Lokhvytsya,50.3678,33.2602,77.5,48,35,5.91,UA,scattered clouds
438,Northam,51.0333,-4.2167,64.38,79,9,8.43,GB,clear sky
439,Tezu,27.9167,96.1667,75.79,92,41,3.56,IN,scattered clouds
440,Aswan,24.0934,32.907,96.3,13,9,9.17,EG,clear sky
441,Pangody,65.85,74.4859,60.98,64,100,13.02,RU,overcast clouds
442,Takhtamygda,54.1,123.5667,51.26,98,100,2.46,RU,overcast clouds
443,Harlingen,26.1906,-97.6961,98.35,52,1,12.66,US,clear sky
444,Helsinki,60.1695,24.9355,65.03,74,20,8.99,FI,few clouds
445,Gao,16.6362,1.637,94.1,36,30,9.53,ML,scattered clouds
446,Tshikapa,-6.4167,20.8,80.15,21,98,2.82,CD,overcast clouds
447,Luba,3.4568,8.5547,77.83,85,98,5.66,GQ,overcast clouds
448,Beidao,34.5686,105.8933,69.98,73,73,4.09,CN,broken clouds
449,Bakchar,57.0186,82.0711,51.98,93,15,3.27,RU,few clouds
450,Carquefou,47.2982,-1.4902,67.08,71,20,1.99,FR,few clouds
451,Amga,60.8953,131.9608,57.18,70,96,2.53,RU,overcast clouds
452,Sakakah,29.9697,40.2064,93.27,11,0,10.4,SA,clear sky
453,Kuah,6.3265,99.8432,83.8,76,78,14.85,MY,broken clouds
454,Cigand,48.2556,21.892,67.87,53,42,11.45,HU,scattered clouds
455,Minna,9.6139,6.5569,70.7,97,100,2.44,NG,light rain
456,Novoagansk,61.9449,76.6625,54.59,78,100,7.07,RU,overcast clouds
457,Mmabatho,-25.85,25.6333,52.03,27,0,6.93,ZA,clear sky
458,Varnamo,57.186,14.04,60.06,78,89,7.29,SE,overcast clouds
459,Beyneu,45.3167,55.2,91.99,13,5,7.7,KZ,clear sky
460,Mogadishu,2.0371,45.3438,75.92,85,76,20.65,SO,light rain
461,Chokurdakh,70.6333,147.9167,34.34,81,19,6.13,RU,few clouds
462,Follebu,61.216,10.2851,55.87,60,94,5.41,NO,overcast clouds
463,Shingu,33.7333,135.9833,78.91,91,100,2.89,JP,overcast clouds
464,Tambura,5.6,27.4667,69.08,97,100,3.33,SS,moderate rain
465,Karacabey,40.2152,28.4038,82.45,49,0,4.9,TR,clear sky
466,Thanh Hoa,19.8,105.7667,77.95,93,99,3.06,VN,moderate rain
467,Lafia,8.4833,8.5167,72.36,97,100,4.56,NG,overcast clouds
468,Bilma,18.6853,12.9164,98.8,9,0,6.11,NE,clear sky
469,Ziro,27.6333,93.8333,58.48,97,34,1.34,IN,scattered clouds
470,Chaoyang,41.5703,120.4586,66.04,87,5,5.32,CN,clear sky
471,Chiredzi,-21.05,31.6667,63.23,36,0,3.22,ZW,clear sky
472,Ak-Dovurak,51.1833,90.6,57.06,61,59,2.82,RU,broken clouds
473,Helong,42.5397,128.9972,69.15,99,100,2.15,CN,light rain
474,Suoyarvi,62.0833,32.35,56.48,98,83,4.72,RU,broken clouds
475,Mumford,5.2618,-0.759,75.99,88,10,8.39,GH,clear sky
476,Kyzyl,51.7,94.45,56.48,71,100,5.57,RU,overcast clouds
477,Magole,-6.3667,37.3667,72.0,59,44,4.47,TZ,scattered clouds
478,Ushtobe,45.2514,77.9838,71.44,20,0,8.03,KZ,clear sky
479,Najran,17.4924,44.1277,90.86,24,100,11.45,SA,overcast clouds
480,Murgab,37.4966,61.9714,82.27,34,100,6.91,TM,overcast clouds
481,Tuensang,26.2833,94.8333,70.21,98,91,1.72,IN,overcast clouds
482,Smidovich,48.6,133.8167,62.02,75,100,11.5,RU,overcast clouds
483,Loding,67.3,14.75,48.54,81,75,1.01,NO,broken clouds
484,Fatehpur,25.9333,80.8,77.56,89,98,11.74,IN,overcast clouds
485,Marsa Matruh,31.3525,27.2453,81.3,81,0,13.11,EG,clear sky
486,Tual,-5.6667,132.75,81.48,78,14,12.12,ID,few clouds
487,Urusha,54.05,122.9,48.33,98,77,2.89,RU,broken clouds
488,Kwinana,-32.25,115.7667,45.81,70,100,4.0,AU,overcast clouds
489,Rayevskiy,54.0658,54.9468,68.88,55,66,4.32,RU,broken clouds
490,Goryachegorsk,55.4053,88.9154,56.82,73,45,5.39,RU,scattered clouds
491,Angoche,-16.2325,39.9086,70.86,72,0,9.66,MZ,clear sky
492,Denpasar,-8.65,115.2167,78.46,89,40,4.61,ID,scattered clouds
493,Omboue,-1.5746,9.2618,74.89,84,97,9.22,GA,overcast clouds
494,Karonga,-9.9333,33.9333,68.63,72,29,4.7,MW,scattered clouds
495,Sipoo,60.3775,25.2691,65.08,74,20,11.5,FI,few clouds
496,Ayan,56.45,138.1667,58.98,74,88,4.56,RU,overcast clouds
497,Darhan,49.4867,105.9228,65.34,71,100,1.23,MN,overcast clouds
498,Umba,66.6871,34.3429,52.12,92,84,10.96,RU,broken clouds
499,Maine-Soroa,13.2114,12.0241,91.31,42,97,3.24,NE,overcast clouds
500,Wuda,39.4994,106.7117,74.59,24,8,8.95,CN,clear sky
501,Canakkale,40.0833,26.8333,81.21,40,0,4.41,TR,clear sky
502,Tabora,-5.0167,32.8,67.91,38,20,4.32,TZ,few clouds
503,Vikindu,-7.0067,39.2985,71.04,82,6,8.39,TZ,clear sky
504,Shetpe,44.1667,52.1167,85.59,25,3,7.96,KZ,clear sky
505,Warri,5.5167,5.75,78.46,76,87,6.51,NG,overcast clouds
506,Pamekasan,-7.1568,113.4746,77.85,78,12,8.75,ID,few clouds
507,Kavaratti,10.5669,72.642,82.31,77,37,15.32,IN,scattered clouds
508,Dubai,25.2582,55.3047,95.25,52,0,5.75,AE,clear sky
509,Sarkand,45.41,79.9186,66.81,17,0,7.74,KZ,clear sky
510,Martapura,-3.4167,114.85,75.29,94,77,2.3,ID,broken clouds
511,Hulan Ergi,47.2042,123.6333,60.89,92,100,5.5,CN,overcast clouds
512,Jiuquan,39.7432,98.5174,71.67,41,100,13.2,CN,overcast clouds
513,Fenoarivo,-18.933,47.4354,53.67,82,20,6.91,MG,few clouds
514,Lingao,19.9103,109.6859,81.72,80,100,14.34,CN,overcast clouds
515,Zilupe,56.3862,28.1217,64.29,70,100,3.91,LV,overcast clouds
516,Eslov,55.8393,13.3039,66.24,67,88,6.85,SE,overcast clouds
517,Mansehra,34.3333,73.2,71.31,82,16,5.3,PK,few clouds
518,Inta,66.0317,60.1659,50.97,95,28,8.77,RU,scattered clouds
519,Roald,62.5833,6.1333,56.91,66,75,10.36,NO,broken clouds
520,Okakarara,-20.5833,17.4333,55.06,32,0,5.75,NA,clear sky
521,Lashio,22.9333,97.75,68.99,100,100,1.45,MM,overcast clouds
522,Kodinsk,58.6881,99.1844,57.0,97,100,4.76,RU,light rain
523,Chernyshevskiy,63.0128,112.4714,58.86,54,100,4.36,RU,overcast clouds
524,San Vicente,-26.6167,-54.1333,68.59,33,8,2.37,AR,clear sky
525,Teguldet,57.3064,88.1667,53.55,97,0,1.77,RU,light rain
526,Ludvika,60.1496,15.1878,59.77,93,99,3.18,SE,overcast clouds
527,Akim Swedru,5.8938,-1.0164,76.05,79,78,4.32,GH,broken clouds
528,Kiunga,-6.1219,141.2906,72.43,96,96,2.93,PG,overcast clouds
529,Norrtalje,59.758,18.705,67.84,67,0,4.63,SE,clear sky
530,Kendari,-3.945,122.4989,72.79,95,100,2.75,ID,overcast clouds
531,Gayny,60.3071,54.3241,54.01,94,0,4.63,RU,clear sky
532,Tokmak,47.2514,35.7058,76.73,57,0,3.96,UA,clear sky
533,Balezino,57.9796,53.0106,64.54,71,100,3.0,RU,overcast clouds
534,Abu Dhabi,24.4667,54.3667,95.11,63,0,3.44,AE,clear sky
535,Mnogovershinnyy,53.9353,139.9242,45.57,94,100,1.57,RU,overcast clouds
536,Makat,47.6469,53.3463,91.18,16,0,6.93,KZ,clear sky
537,Lovozero,68.005,35.0117,53.53,82,17,8.43,RU,few clouds
538,Okha,53.5739,142.9478,48.67,87,97,5.84,RU,overcast clouds
539,Kentau,43.5206,68.5094,82.65,14,91,29.59,KZ,overcast clouds
540,Nhulunbuy,-12.2333,136.7667,70.41,94,40,0.0,AU,scattered clouds
541,Muzhi,65.3667,64.6667,51.58,96,45,3.56,RU,scattered clouds
542,Usolye-Sibirskoye,52.7519,103.6453,57.7,98,100,6.31,RU,light rain
543,Gravdal,68.1214,13.5031,47.88,81,40,10.36,NO,scattered clouds
544,Waingapu,-9.6567,120.2641,74.68,83,96,7.52,ID,overcast clouds
545,Kurchum,48.5722,83.6542,66.58,47,0,6.51,KZ,clear sky
546,Tagusao,9.1924,117.8141,81.19,77,52,10.65,PH,broken clouds
547,Toamasina,-18.1667,49.3833,67.75,85,80,3.56,MG,light rain
548,Namatanai,-3.6667,152.4333,78.3,84,11,6.55,PG,light rain
549,Letpadan,17.7833,95.75,75.36,97,100,6.53,MM,overcast clouds
550,Sudova Vyshnya,49.7889,23.3722,65.55,70,64,15.17,UA,light rain
551,Yerbogachen,61.2767,108.0108,60.6,56,100,5.26,RU,overcast clouds
552,Jalu,29.0331,21.5482,95.61,12,6,8.41,LY,clear sky
553,Jiwani,25.05,61.7417,82.17,87,100,13.78,PK,overcast clouds
554,Karasburg,-28.0167,18.75,60.66,20,0,5.84,NA,clear sky
555,Delmas,18.5447,-72.3028,95.72,41,20,18.41,HT,few clouds
556,Urumqi,43.801,87.6005,67.15,43,0,4.47,CN,clear sky
557,Bojnurd,37.4747,57.329,73.76,16,18,3.47,IR,few clouds
558,Buin,-33.7333,-70.75,82.72,12,0,1.97,CL,clear sky
559,Benguela,-12.5763,13.4055,71.64,86,1,3.42,AO,clear sky
560,Bumba,2.1833,22.4667,70.72,91,100,0.92,CD,overcast clouds
561,Sayhat,26.4852,50.0405,99.34,35,5,5.88,SA,clear sky
562,Mukhen,48.1,136.1,62.31,93,26,1.83,RU,scattered clouds
563,Gayeri,12.6497,0.4931,79.86,71,31,6.89,BF,scattered clouds
564,Kitob,39.0843,66.8332,79.38,24,0,3.98,UZ,clear sky
565,Seymchan,62.8833,152.4333,40.21,93,100,10.76,RU,overcast clouds
566,Narrabri,-30.3167,149.7833,48.52,88,0,1.99,AU,clear sky
567,Seydi,39.4816,62.9137,85.95,11,4,12.71,TM,clear sky
568,Sorong,-0.8833,131.25,78.46,89,35,9.46,ID,scattered clouds
569,Vitim,59.4511,112.5578,59.86,62,100,3.09,RU,overcast clouds
570,Yashkul,46.1711,45.3435,86.54,36,0,11.48,RU,clear sky
571,Mandalgovi,45.7625,106.2708,67.39,39,100,18.86,MN,overcast clouds
572,Kuroiso,36.9667,140.05,74.86,94,23,3.15,JP,few clouds
573,Megion,61.0296,76.1136,59.02,77,99,8.84,RU,overcast clouds
574,Gumdag,39.2061,54.5906,88.66,12,99,8.52,TM,overcast clouds
575,Alugan,12.2188,125.4808,82.56,76,90,10.65,PH,overcast clouds
576,Russell,32.3502,-85.1999,94.28,49,20,6.91,US,few clouds
577,Birao,10.2849,22.7882,70.63,94,52,4.88,CF,broken clouds
578,Hirado,33.3597,129.5531,81.36,85,99,7.74,JP,overcast clouds
579,Sogne,58.0833,7.8167,60.69,1,53,7.09,NO,broken clouds
580,Banyuwangi,-8.2325,114.3576,73.35,92,36,4.03,ID,scattered clouds
581,Hastings,50.8552,0.5729,63.91,96,84,7.14,GB,moderate rain
582,Torbat-E Jam,35.244,60.6225,77.29,15,0,13.85,IR,clear sky
583,Mudgee,-32.5943,149.5871,33.85,100,1,3.44,AU,clear sky
584,Abnub,27.2696,31.1511,95.76,14,8,7.36,EG,clear sky
585,Bijie,27.3125,105.2942,64.65,69,21,3.42,CN,few clouds
586,Yeppoon,-23.1333,150.7333,55.18,91,0,5.39,AU,clear sky
587,Mkokotoni,-5.8767,39.2547,73.67,81,9,11.21,TZ,clear sky
588,Uige,-7.6087,15.0613,72.46,27,3,2.21,AO,clear sky
589,Kyshtovka,56.555,76.6271,62.51,69,100,6.53,RU,overcast clouds
590,Kalga,50.9251,118.898,54.46,87,92,4.41,RU,overcast clouds
591,Mikhaylovka,50.06,43.2379,78.98,46,48,4.23,RU,scattered clouds
592,Tveit,58.2337,8.122,60.62,86,20,2.3,NO,few clouds
593,Balad,34.0164,44.1453,100.33,10,2,10.74,IQ,clear sky
594,Machilipatnam,16.1667,81.1333,85.89,57,99,10.47,IN,overcast clouds
595,Ishigaki,24.3448,124.1572,82.08,82,100,14.03,JP,overcast clouds
596,Kashan,33.9831,51.4364,92.7,14,100,13.11,IR,overcast clouds
597,Songjianghe,42.1859,127.479,67.08,99,100,1.05,CN,moderate rain
598,Colac,-38.3333,143.5833,44.62,93,15,4.47,AU,few clouds
599,Horsham,51.064,-0.3272,66.06,93,40,2.3,GB,light intensity shower rain
600,Laizhou,37.1717,119.9214,71.94,86,0,5.21,CN,clear sky
601,Springbok,-29.6643,17.8865,55.36,29,23,1.81,ZA,few clouds
602,Phalombe,-15.8064,35.6507,58.75,71,0,2.39,MW,clear sky
603,Bowen,-20.0167,148.2333,67.6,77,20,3.74,AU,few clouds
604,Orthez,43.4884,-0.7724,67.44,72,100,5.64,FR,overcast clouds
605,Sorrento,40.626,14.3744,87.03,29,52,1.01,IT,broken clouds
606,Mujiayingzi,42.1167,118.7833,62.55,79,66,5.61,CN,broken clouds
607,Juegang,32.3174,121.1855,80.98,95,0,5.55,CN,clear sky
608,Yenagoa,4.9247,6.2642,78.22,74,75,7.4,NG,broken clouds
609,Taywarah,33.35,64.4167,57.7,25,0,8.01,AF,clear sky
610,Howard Springs,-12.497,131.047,73.31,96,19,4.32,AU,few clouds
611,Grabovo,53.3875,45.064,76.53,67,100,2.13,RU,overcast clouds
612,Lodja,-3.4833,23.4333,78.58,29,98,1.59,CD,overcast clouds
613,Baishishan,43.5833,127.5667,71.37,98,100,3.36,CN,overcast clouds
614,Sarakhs,36.5449,61.1577,83.62,13,1,9.69,IR,clear sky
615,Maun,-19.9833,23.4167,59.86,40,0,7.78,BW,clear sky
616,Leshan,29.5623,103.7639,74.91,82,0,2.04,CN,clear sky
617,Jizan,17.3333,42.6667,90.99,58,97,5.68,SA,overcast clouds
618,Tornio,65.8481,24.1466,59.02,75,97,12.48,FI,overcast clouds
619,Thinadhoo,0.5333,72.9333,82.02,71,91,4.5,MV,overcast clouds
620,Siocon,7.7061,122.1353,79.11,87,76,4.09,PH,broken clouds
621,Moussoro,13.6408,16.4901,84.81,56,100,5.08,TD,overcast clouds
622,Namie,37.4833,141.0,77.72,98,9,5.84,JP,clear sky
623,Ankazoabo,-22.2833,44.5167,66.24,48,32,4.74,MG,scattered clouds
624,Coolum Beach,-26.5333,153.1,63.1,97,18,9.1,AU,few clouds
625,Kieta,-6.2167,155.6333,77.61,84,12,2.51,PG,light rain
626,Chardara,41.2547,67.9692,78.76,25,100,2.91,KZ,overcast clouds
627,Batemans Bay,-35.7167,150.1833,39.99,93,10,3.76,AU,clear sky
628,Sibiti,-3.6819,13.3499,78.57,50,100,5.46,CG,overcast clouds
629,Bombay,19.0144,72.8479,82.38,89,75,8.05,IN,haze
630,Turukhansk,65.8167,87.9833,53.92,86,31,5.91,RU,scattered clouds
631,Shar,49.5886,81.0453,71.2,34,0,6.6,KZ,clear sky
632,San Policarpo,12.1791,125.5072,82.9,75,91,11.18,PH,overcast clouds
633,Leh,34.1667,77.5833,67.84,39,88,6.33,IN,overcast clouds
634,Sawakin,19.1059,37.3321,97.66,39,13,23.04,SD,few clouds
635,Tranas,58.0372,14.9782,63.59,72,90,4.68,SE,overcast clouds
636,Aksu,41.1231,80.2644,76.86,17,56,2.68,CN,broken clouds
637,Zaysan,47.4667,84.8667,66.43,31,0,9.17,KZ,clear sky
638,Langsa,4.4683,97.9683,75.52,94,100,0.69,ID,overcast clouds
639,Karakulino,56.012,53.7067,67.68,64,100,3.6,RU,overcast clouds
640,Rumonge,-3.9736,29.4386,75.16,51,90,3.4,BI,overcast clouds
641,Severo-Yeniseyskiy,60.3725,93.0408,56.91,73,100,3.6,RU,overcast clouds
642,Mponela,-13.5319,33.7401,58.08,60,7,4.18,MW,clear sky
643,Ballina,-28.8667,153.5667,62.78,87,15,15.14,AU,few clouds
644,Muroto,33.2833,134.15,80.71,80,43,4.92,JP,scattered clouds
645,Gisborne,-38.6533,178.0042,41.95,89,21,6.33,NZ,few clouds
646,Harnosand,62.6323,17.9379,63.0,54,100,7.05,SE,overcast clouds
647,Tilichiki,60.4667,166.1,48.79,67,100,3.96,RU,overcast clouds
648,Takoradi,4.8845,-1.7554,76.6,84,0,7.4,GH,clear sky
649,Bilibino,68.0546,166.4372,36.0,68,76,6.04,RU,broken clouds
650,Vila,42.0304,-8.1588,55.71,91,100,2.1,PT,overcast clouds
651,Jalingo,8.8833,11.3667,74.64,89,100,2.73,NG,moderate rain
652,Berdigestyakh,62.0989,126.6992,60.57,64,100,4.45,RU,overcast clouds
653,Popova,42.9603,131.7228,69.89,85,70,26.91,RU,broken clouds
654,Masallatah,32.6167,14.0,86.0,36,0,7.52,LY,clear sky
655,Sehithwa,-20.4667,22.7167,60.57,37,0,7.76,BW,clear sky
656,Bokhan,53.153,103.7714,59.63,88,100,4.21,RU,light rain
657,Mercedes,-34.6515,-59.4307,64.85,45,0,3.83,AR,clear sky
658,Balarampur,23.1167,86.2167,78.12,86,100,6.98,IN,overcast clouds
659,Vawkavysk,53.1561,24.4513,63.01,95,86,3.85,BY,moderate rain
660,Lensk,60.7253,114.9278,61.27,63,100,4.34,RU,overcast clouds
661,Tommot,58.9564,126.2925,58.89,76,100,6.26,RU,light rain
662,Bindura,-17.3019,31.3306,56.01,54,5,2.8,ZW,clear sky
663,Mayumba,-3.432,10.6554,73.45,87,100,8.81,GA,overcast clouds
664,Manggar,-2.8833,108.2667,80.46,74,73,8.23,ID,broken clouds
665,Tazmalt,36.3868,4.3989,79.74,66,99,6.69,DZ,overcast clouds
666,Mackay,-21.15,149.2,64.04,86,3,3.89,AU,clear sky
667,Awbari,26.5921,12.7805,93.69,9,0,6.91,LY,clear sky
668,Sibay,52.7181,58.6658,67.59,62,47,2.44,RU,scattered clouds
669,Neryungri,56.6709,124.6491,50.59,99,100,1.88,RU,light rain
670,Pareora,-44.4871,171.2132,47.17,97,62,5.86,NZ,broken clouds
671,Keffi,8.8486,7.8736,71.11,96,100,3.47,NG,overcast clouds
672,Wattegama,6.7989,81.4808,77.59,76,100,4.9,LK,overcast clouds
673,Manzhouli,49.6,117.4333,55.96,70,14,5.73,CN,few clouds
674,Dohar,23.5883,90.1469,82.38,93,100,6.87,BD,overcast clouds
675,Byron Bay,-28.65,153.6167,62.87,87,6,12.37,AU,clear sky
676,Tessalit,20.1986,1.0114,91.2,31,6,13.29,ML,clear sky
677,Biu,10.6129,12.1946,70.81,88,100,2.19,NG,light rain
678,Henties Bay,-22.116,14.2845,68.45,43,0,13.13,NA,clear sky
679,Westport,41.1415,-73.3579,78.35,59,75,1.01,US,broken clouds
680,Veraval,20.9,70.3667,81.23,84,100,19.82,IN,overcast clouds
681,Muncar,-8.4333,114.3333,74.62,87,56,2.62,ID,broken clouds
682,Vologda,59.2187,39.8886,60.69,96,41,10.51,RU,scattered clouds
683,Suntar,62.1444,117.6319,62.04,57,100,5.5,RU,overcast clouds
684,Vredendal,-31.6683,18.5012,55.83,82,6,5.32,ZA,clear sky
685,Changping,40.2186,116.2197,71.24,66,47,7.63,CN,scattered clouds
686,Tottori,35.5,134.2333,75.24,87,100,8.97,JP,light rain
687,Phangnga,8.4509,98.5298,82.44,92,100,7.16,TH,overcast clouds
688,Kandrian,-6.2167,149.55,76.98,85,92,10.25,PG,overcast clouds
689,Umm Kaddadah,13.6017,26.6876,89.83,40,2,18.43,SD,clear sky
690,Magaria,12.9983,8.9099,88.32,48,96,6.06,NE,overcast clouds
691,Asahikawa,43.7678,142.3703,67.26,94,75,2.59,JP,broken clouds
692,Karlskoga,59.3267,14.5239,61.92,70,96,7.36,SE,overcast clouds
693,Marseille,43.3333,5.5,73.15,40,100,5.01,FR,overcast clouds
694,Soyo,-6.1349,12.3689,73.06,82,5,9.73,AO,clear sky
695,Kirillov,59.863,38.3813,64.33,97,4,6.33,RU,clear sky
696,Amahai,-3.3333,128.9167,77.04,88,58,2.04,ID,broken clouds
697,Bo Rai,12.5728,102.5371,75.83,95,100,3.22,TH,moderate rain
698,Biak,-0.9131,122.8766,75.0,86,39,6.38,ID,scattered clouds
699,Moranbah,-22.0016,148.0466,59.94,85,0,5.21,AU,clear sky
700,Abu Samrah,35.3029,37.1841,86.02,34,0,13.11,SY,clear sky
701,Sterlibashevo,53.4376,55.2578,71.08,49,44,6.96,RU,scattered clouds
702,Salym,60.0625,71.4789,60.22,99,100,4.54,RU,overcast clouds
703,Petropavlovsk-Kamchatskiy,53.0452,158.6483,46.99,100,0,8.95,RU,fog
704,Tomohon,1.3346,124.8392,67.14,91,99,2.89,ID,overcast clouds
705,Daltenganj,24.0333,84.0667,76.48,88,100,5.32,IN,overcast clouds
706,Kasongo-Lunda,-6.4667,16.8167,77.49,24,98,2.51,CD,overcast clouds
707,Hit,33.6416,42.8251,99.57,13,19,6.4,IQ,few clouds
708,Shaoguan,24.8,113.5833,79.5,85,99,1.28,CN,overcast clouds
709,Otradnoye,59.7775,30.8181,64.56,70,6,9.75,RU,clear sky
710,Emmen,52.7792,6.9069,63.3,86,100,1.99,NL,overcast clouds
711,Raga,8.4596,25.678,69.71,97,100,4.9,SS,overcast clouds
712,Kortkeros,61.8106,51.5806,59.0,91,1,5.41,RU,clear sky
713,Taicheng,38.731,113.228,60.28,66,55,3.83,CN,broken clouds
714,Sunbury,-37.5833,144.7333,44.15,85,0,6.91,AU,clear sky
715,San Jose,37.3394,-121.895,82.76,54,20,3.44,US,few clouds
716,Walvis Bay,-22.9575,14.5053,72.66,29,0,16.82,NA,clear sky
717,Romny,50.751,33.4747,75.34,53,0,5.08,UA,clear sky
718,Svetlyy,54.675,20.1347,64.45,81,100,9.37,RU,overcast clouds
719,Gewane,10.1664,40.6453,85.77,51,71,7.52,ET,light rain
720,Atasu,48.6814,71.6433,77.76,39,31,6.6,KZ,scattered clouds
721,Derzhavinsk,51.1,66.3167,77.74,44,62,4.45,KZ,broken clouds
722,Batticaloa,7.7102,81.6924,81.7,69,100,3.06,LK,overcast clouds
723,Halvad,23.0167,71.1833,81.39,77,100,14.34,IN,overcast clouds
724,Totma,59.9747,42.7642,60.55,99,100,2.62,RU,light rain
725,Gawler,-34.6,138.7333,53.26,63,0,9.89,AU,clear sky
726,Enkoping,59.6361,17.0777,66.07,70,72,4.85,SE,broken clouds
727,Victor Harbor,-35.5667,138.6167,53.19,70,1,11.05,AU,clear sky
728,Argayash,55.4888,60.8767,71.29,72,87,6.73,RU,overcast clouds
729,Methoni,36.8197,21.7049,80.46,68,0,7.43,GR,clear sky
730,Oksfjord,70.2396,22.3479,48.38,83,92,4.12,NO,overcast clouds
731,Udachnyy,66.4167,112.4,63.09,42,2,3.2,RU,clear sky
732,Port Macquarie,-31.4333,152.9167,56.89,80,70,9.44,AU,broken clouds
733,Karachi,24.9056,67.0822,82.22,74,75,20.71,PK,haze
734,Farafangana,-22.8167,47.8333,66.49,85,17,6.93,MG,few clouds
735,Wajima,37.4,136.9,79.21,83,75,3.56,JP,broken clouds
736,Khani,41.9563,42.9566,69.37,97,89,2.28,GE,overcast clouds
737,Kiruna,67.8557,20.2251,45.52,76,90,6.91,SE,overcast clouds
738,Thohoyandou,-22.9456,30.485,61.09,31,0,4.5,ZA,clear sky
739,Kaihua,23.3687,104.28,64.8,86,31,4.76,CN,scattered clouds
740,Keti Bandar,24.1447,67.4497,81.64,82,100,21.09,PK,overcast clouds
741,Karymskoye,51.6167,114.35,53.11,93,6,0.89,RU,clear sky
742,Ust-Nera,64.5667,143.2,45.12,82,1,4.85,RU,clear sky
743,Kirovskiy,45.0917,133.5136,66.45,95,15,4.52,RU,few clouds
744,Chingirlau,51.095,54.0814,81.93,37,73,5.1,KZ,broken clouds
745,Mecca,21.4267,39.8261,90.81,40,6,6.71,SA,clear sky
746,Kondinskoye,59.6481,67.41,61.11,95,99,6.38,RU,light rain
747,Chulym,55.0997,80.9572,59.54,92,36,5.1,RU,scattered clouds
748,Masunga,-20.6246,27.4488,55.17,45,0,7.83,BW,clear sky
749,Mont-De-Marsan,44.0,-0.6667,67.48,77,0,8.05,FR,clear sky
750,Nazarovo,56.0064,90.3914,58.51,78,87,2.37,RU,overcast clouds
751,Minab,27.1467,57.0801,94.5,62,25,4.27,IR,scattered clouds
752,Dalbandin,28.8947,64.4101,90.5,8,7,6.53,PK,clear sky
753,Yuli,9.6989,10.2744,74.16,85,100,4.03,NG,light rain
754,Sampit,-2.5333,112.95,73.15,97,30,1.5,ID,scattered clouds
755,Solnechnyy,50.7214,136.6319,51.39,97,93,3.96,RU,overcast clouds
756,Balud,10.1476,123.6953,80.53,81,94,7.72,PH,overcast clouds
757,Wajir,1.7471,40.0573,80.96,45,98,22.48,KE,overcast clouds
758,Rochegda,62.8,43.25,61.07,77,100,4.79,RU,overcast clouds
759,Ligayan,4.6533,119.4706,83.77,75,100,9.19,PH,overcast clouds
760,Verkhovazhye,60.7472,42.0465,60.19,98,100,7.52,RU,overcast clouds
761,Tanout,14.9709,8.8879,92.3,37,100,8.46,NE,overcast clouds
762,Warmbad,-28.45,18.7333,61.99,20,4,3.18,NA,clear sky
763,Nizhniy Ingash,56.2,96.53,55.67,97,100,2.91,RU,overcast clouds
764,Takaka,-40.85,172.8,52.56,90,77,1.54,NZ,broken clouds
765,Sardarshahr,28.4333,74.4833,85.86,64,49,12.57,IN,scattered clouds
766,Bud,39.447,-86.1758,80.74,66,22,12.17,US,few clouds
767,Filingue,14.3521,3.3168,92.52,41,76,10.47,NE,broken clouds
768,Tuy Hoa,13.0833,109.3,84.22,64,100,13.0,VN,overcast clouds
769,Kalnciems,56.8011,23.6097,68.05,69,100,4.07,LV,light rain
770,Krasnoselkup,65.7,82.4667,54.66,71,100,5.46,RU,overcast clouds
771,Ndele,8.4109,20.6473,67.69,98,95,1.1,CF,overcast clouds
772,Ekhabi,53.5102,142.9671,48.0,88,98,5.79,RU,overcast clouds
773,Kungurtug,50.5994,97.5228,50.25,97,100,3.87,RU,overcast clouds
774,Amazar,53.858,120.875,45.72,98,9,2.08,RU,clear sky
